t,forward,zero_rate,discount
0.05,0.01883120567634254,0.018817136148929114,0.9990595856595427
0.1,0.020791965219508192,0.019512599387964874,0.9980506425312722
0.15000000000000002,0.02147789382750029,0.020061594658343573,0.9969952840232362
0.2,0.022075751453608836,0.020486761241002346,0.9959110304466631
0.25,0.022459670434994944,0.020848923111371164,0.9948013293273026
0.3,0.02270679904049595,0.02113020150160013,0.9936809890059419
0.35000000000000003,0.023701157315794915,0.02141668353300827,0.9925321845021805
0.4,0.024428044272913098,0.02176036679022105,0.9913336247001789
0.45,0.02458913282867703,0.022061828480841254,0.99012129533673
0.5,0.024818411711925482,0.022326928974510392,0.9888986157574754
0.55,0.0249472131712402,0.02255804303964071,0.987669724887287
0.6000000000000001,0.025553764699445734,0.022777268427484156,0.9864265996955282
0.6500000000000001,0.025941360795825152,0.023015356325768208,0.9851513629839569
0.7000000000000001,0.025941360795825152,0.023224356645057984,0.9838743829806795
0.7500000000000001,0.0260536481898516,0.023407687651273556,0.9825974388654128
0.8,0.026319205976089114,0.023582018311708225,0.9813112272355985
0.8500000000000001,0.026502999694860415,0.0237486790402107,0.9800160036613441
0.9000000000000001,0.02666506465299833,0.023909513039470705,0.9787113107200414
0.9500000000000001,0.02666506465299833,0.024054542071761633,0.9774073101758253
1.0,0.026698672117197772,0.024185593033145898,0.9761045347447485
1.05,0.026812729764918917,0.024307840343648277,0.9747997318035617
1.1,0.026894437182780683,0.02442375185806153,0.9734915569937882
1.1500000000000001,0.026924422357962767,0.024532012210200668,0.9721824231027962
1.2000000000000002,0.026887894590500352,0.024631233655113483,0.9708750697633804
1.2500000000000002,0.026764826098891834,0.024719327561891064,0.9695733404531099
1.3,0.026671434724453016,0.024795562238842443,0.9682797544667128
1.35,0.026620597453032406,0.02486415359883944,0.9669905004034473
1.4000000000000001,0.02655160574138837,0.024925705772710492,0.965705855952513
1.4500000000000002,0.02646445958952091,0.02498032093694369,0.9644266827292015
1.5000000000000002,0.026359158997430028,0.025028087644495375,0.9631538377820966
1.55,0.02623026484073225,0.025069040819585473,0.9618882365670627
1.6,0.02611018693211463,0.025103366938048127,0.9606305501118896
1.6500000000000001,0.02602310033589276,0.02513247382956093,0.9593794768262405
1.7000000000000002,0.025969005052066636,0.025157792346866395,0.9581334146417434
1.7500000000000002,0.025947901080636267,0.02518058981667931,0.956890769804084
1.8,0.025901519772784386,0.025201674996141944,0.9556505033968689
1.85,0.025819795569119064,0.02521929461516689,0.9544159511735558
1.9000000000000001,0.025813110698983045,0.02523490523330634,0.95318495272653
1.9500000000000002,0.025831002433077958,0.025249923455426877,0.9519551556232004
2.0,0.025866182207453035,0.02526485416029726,0.9507256837893635
2.05,0.025911103914345545,0.025280100868689374,0.9494957670899948
2.1,0.02593873130784171,0.025295465813912194,0.9482657602393294
2.15,0.0259602272178892,0.02531068731172399,0.9470361837390832
2.1999999999999997,0.02597559164448802,0.025325635790733506,0.9458073300093769
2.25,0.02598482458763817,0.025340193197006474,0.9445794899593177
2.3,0.025987766715358344,0.025354251235412423,0.9433529540891761
2.35,0.02598821775146551,0.025367731127890425,0.9421279664434725
2.4,0.02599819950528514,0.025380739182194995,0.9409043666631918
2.45,0.0260212719854909,0.025393553583609844,0.9396815795358291
2.5,0.02605743519208279,0.02540644776583607,0.9384589917691767
2.55,0.026097571058009885,0.025419658917020072,0.9372360286380853
2.6,0.026106180592535604,0.025432744414768026,0.9360137284371521
2.65,0.026136728938760526,0.02544570421650298,0.9347921104556253
2.7,0.02618936759211793,0.025458954275577206,0.9335701453177647
2.75,0.026264096552607818,0.02547288040172008,0.9323468087646918
2.8,0.02636041544199404,0.02548784060880796,0.9311210825614814
2.85,0.026449244546366088,0.02550395422190938,0.9298925198824443
2.9,0.026520234913830803,0.02552088994724728,0.9286618677601498
2.95,0.026573386544388188,0.02553830363103153,0.9274299659960106
3.0,0.026608699438038244,0.02555587406305804,0.9261976499986149
3.05,0.02662730884592416,0.025573301608529744,0.9249657493305472
3.1,0.02665756354698453,0.025590543754162507,0.9237344082309193
3.15,0.026689276952364453,0.025607730340461217,0.9225032771824604
3.2,0.02672244906206393,0.025624886764024645,0.9212722925240213
3.25,0.02675707987608296,0.025642036858583964,0.9200413909478257
3.3,0.026793169394421546,0.02565920301340177,0.9188105094993679
3.35,0.026830717617079686,0.025676406281068268,0.9175795855773543
3.4,0.02686972454405738,0.02569366647578602,0.9163485569336868
3.45,0.02691019017535463,0.025711002263108143,0.9151173616734893
3.5,0.026952114510971435,0.025728431241984737,0.9138859382551756
3.55,0.026995497550907792,0.025745970019875747,0.9126542254905585
3.6,0.027040339295163703,0.02576363428160445,0.9114221625450001
3.65,0.02708663974373917,0.02578143885255176,0.9101896889376029
3.7,0.02713439889663419,0.02579939775672665,0.9089567445414403
3.75,0.027183616753848765,0.025817524270190937,0.9077232695838271
3.8,0.027234293315382893,0.02583583097026635,0.9064892046466292
3.85,0.027286428581236578,0.02585432978090726,0.905254490666612
3.9,0.027340022551409816,0.025873032014583193,0.9040190689358266
3.95,0.027395075225902607,0.025891948410980404,0.9027828811020349
4.0,0.027451586604714955,0.02591108917280084,0.9015458691691706
4.05,0.027509556687846857,0.02593046399890932,0.9003079754978386
4.1,0.027561039824292324,0.025950042682682216,0.8990692881608243
4.15,0.02761092448378524,0.025969752940174402,0.8978300569909918
4.2,0.027660666337338533,0.025989586920780145,0.8965903008071733
4.25,0.027710265384952207,0.026009538577731445,0.8953500328987498
4.3,0.027759721626626262,0.026029602145505308,0.8941092665140021
4.35,0.0278090350623607,0.026049772123660293,0.892868014860014
4.4,0.027858205692155517,0.02607004326177498,0.8916262911025782
4.45,0.027907233516010713,0.026090410545401982,0.8903841083661034
4.5,0.02795611853392629,0.026110869182958223,0.8891414797335224
4.55,0.028004860745902246,0.02613141459347966,0.8878984182462034
4.6,0.028053460151938586,0.026152042395174612,0.8866549369038604
4.65,0.028101916752035303,0.026172748394715555,0.8854110486644676
4.7,0.028150230546192402,0.026193528577214416,0.884166766444174
4.75,0.02819840153440988,0.026214379096831063,0.8829221031172195
4.8,0.028246429716687737,0.026235296267968698,0.8816770715158534
4.8500000000000005,0.028294315093025976,0.026256276557013892,0.8804316844302535
4.9,0.028342057663424597,0.026277316574582314,0.8791859546084477
4.95,0.0283896574278836,0.026298413068234508,0.877939894756236
5.0,0.02843711438640298,0.026319562915628546,0.876693517537115
5.05,0.028484428538982736,0.026340763118079626,0.8754468355722033
5.1000000000000005,0.028519836609592345,0.02636197826142935,0.8742000064862434
5.15,0.02854845620152408,0.026383064511916597,0.872953680639924
5.2,0.028580487920769834,0.026404036850428973,0.8717078098937349
5.25,0.028615931767329617,0.026424931028044954,0.870462248867234
5.3,0.02865478774120343,0.02644578144674569,0.8692168530231709
5.3500000000000005,0.028697055842391267,0.026466621222456993,0.8679714786670621
5.4,0.02874273607089313,0.026487482244588866,0.8667259829470068
5.45,0.028791828426709017,0.02650839523229776,0.8654802238537354
5.5,0.028844332909838934,0.02652938978767988,0.8642340602208949
5.55,0.028900249520282875,0.026550494446089232,0.8629873517255632
5.6000000000000005,0.028959578258040845,0.026571736723760037,0.8617399588889924
5.65,0.02902231912311284,0.026593143162900512,0.8604917430775783
5.7,0.02908847211549886,0.02661473937441334,0.8592425665040533
5.75,0.02915803723519891,0.02663655007838719,0.8579922922289
5.8,0.029231014482212984,0.02665859914249388,0.8567407841619842
5.8500000000000005,0.029307403856541087,0.026680909618416446,0.8554879070644024
5.9,0.029387205358183212,0.026703503776424952,0.8542335265505441
5.95,0.029470418987139365,0.02672640313820893,0.8529775090903642
6.0,0.029557044743409547,0.02674962850806828,0.8517197220118642
6.05,0.029647082626993754,0.026773200002557458,0.8504600335037786
6.1000000000000005,0.029738496361393668,0.02679713526588758,0.8491983220088865
6.15,0.029822791673089877,0.02682139289623122,0.8479347717017077
6.2,0.0299049296138342,0.02684593037629689,0.8466695786162557
6.25,0.02998491018362664,0.02687072373072366,0.8454028469167053
6.3,0.0300627333824672,0.02689574974527315,0.8441346802209385
6.3500000000000005,0.030138399210355875,0.026920985936864105,0.8428651815987429
6.4,0.03021190766729267,0.026946410525011545,0.8415944535701372
6.45,0.030283258753277576,0.02697200240459439,0.8403225981038182
6.5,0.0303524524683106,0.02699774111987987,0.8390497166157325
6.55,0.030419488812391742,0.027023606839737757,0.8377759099677694
6.6000000000000005,0.030484367785521,0.02704958033398118,0.836501278466574
6.65,0.030547089387698376,0.02707564295077472,0.8352259218624801
6.7,0.03060765361892387,0.027101776595054188,0.8339499393485632
6.75,0.030666060479197475,0.027127963707905448,0.8326734295598079
6.8,0.0307223099685192,0.027154187246852986,0.8313964905723956
6.8500000000000005,0.030776402086889042,0.027180430667011847,0.8301192199031042
6.9,0.030828336834307,0.02720667790305894,0.8288417145088245
6.95,0.030878114210773074,0.027232913351982635,0.8275640707861885
7.0,0.030925734216287266,0.027259121856571634,0.8262863845713111
7.05,0.030971196850849574,0.027285288689606457,0.825008751139641
7.1000000000000005,0.031014502114459996,0.027311399538718858,0.823731265205924
7.15,0.031069302426024344,0.02733748442761134,0.8224537625582525
7.2,0.031125021993643934,0.027363593196277833,0.8211759579351423
7.25,0.031180922692240636,0.027389726741466912,0.8198978506385501
7.3,0.031237004521814455,0.02741588579469508,0.8186194408532738
7.3500000000000005,0.03129326748236539,0.02744207106757363,0.8173407288010638
7.4,0.031349711573893435,0.027468283252481112,0.8160617147405808
7.45,0.0314063367963986,0.02749452302320874,0.8147823989673508
7.5,0.03146314314988087,0.027520791035579962,0.8135027818137208
7.55,0.03152013063434026,0.027547087928045413,0.8122228636488134
7.6000000000000005,0.031577299249776765,0.027573414322254387,0.8109426448784813
7.65,0.03163464899619038,0.027599770823603938,0.8096621259452617
7.7,0.03169217987358112,0.027626158021766493,0.8083813073283289
7.75,0.03174989188194896,0.02765257649119714,0.8071001895434481
7.8,0.03180778502129392,0.02767902679162135,0.8058187731429267
7.8500000000000005,0.031865859291616,0.02770550946850406,0.8045370587155679
7.9,0.03192411469291519,0.027732025053500982,0.8032550468866205
7.95,0.03198255122519149,0.027758574064892832,0.8019727383177309
8.0,0.03204116888844491,0.02778515700800331,0.8006901337068928
8.05,0.03209996768267544,0.027811774375601506,0.7994072337883977
8.100000000000001,0.032158947607883084,0.027838426648289342,0.7981240393327845
8.15,0.03222989731010503,0.02786513470566849,0.7968404185939917
8.200000000000001,0.032307610336168996,0.027891987810812667,0.7955557912906359
8.250000000000002,0.0323818418481124,0.027918975861767246,0.7942702178695725
8.3,0.03245259184593526,0.027946075446775877,0.7929838476577691
8.350000000000001,0.03251986032963757,0.027973263714842867,0.7916968290782767
8.4,0.03258364729921933,0.02800051835904383,0.7904093096488425
8.450000000000001,0.03264395275468054,0.028027817600428936,0.789121435980795
8.500000000000002,0.03270077669602119,0.028055140172494223,0.7878333537782032
8.55,0.0327541191232413,0.02808246530619781,0.7865452078373053
8.600000000000001,0.03280398003634086,0.028109772715498804,0.7852571420462034
8.65,0.03285035943531986,0.028137042583397692,0.7839692993848235
8.700000000000001,0.03289325732017832,0.028164255548458198,0.7826818219251355
8.750000000000002,0.03293267369091622,0.028191392691791148,0.7813948508316324
8.8,0.03296860854753358,0.028218435524482114,0.7801085263620658
8.850000000000001,0.03300106189003038,0.028245365975445257,0.778822987868432
8.9,0.03303003371840663,0.028272166379686554,0.7775383737982107
8.950000000000001,0.03305552403266234,0.028298819466960435,0.7762548216958497
9.000000000000002,0.03307753283279749,0.028325308350804584,0.774972468204494
9.05,0.033096060118812096,0.02835161651793815,0.7736914490679573
9.100000000000001,0.03311110589070614,0.028377727818009565,0.7724118991329316
9.15,0.03312634475652559,0.028403629708279785,0.7711339293873859
9.200000000000001,0.03314908940912991,0.028429357549258714,0.7698573127267356
9.250000000000002,0.03317380967483403,0.028454935534979242,0.768581897494853
9.3,0.03320050555363792,0.028480376704037476,0.7673076089305552
9.350000000000001,0.0332291770455416,0.028505693816129066,0.7660343727697088
9.4,0.033259824150545056,0.028530899359466778,0.7647621152441558
9.450000000000001,0.03329244686864831,0.028556005557962567,0.7634907630807124
9.500000000000002,0.033327045199851336,0.028581024378182898,0.7622202435002372
9.55,0.03336361914415415,0.02860596753608548,0.7609504842167703
9.600000000000001,0.033402168701556746,0.028630846503545616,0.7596814134367399
9.650000000000002,0.03344269387205913,0.028655672514679494,0.7584129598582385
9.700000000000001,0.0334851946556613,0.028680456571972046,0.7571450526703652
9.750000000000002,0.03352967105236325,0.02870520945221623,0.7558776215526342
9.8,0.03357612306216498,0.028729941712270425,0.75461059667445
9.850000000000001,0.0336245506850665,0.028754663694640577,0.7533439086946463
9.900000000000002,0.0336749539210678,0.028779385532893113,0.7520774887610897
9.950000000000001,0.033727332770168886,0.028804117156904674,0.7508112685103451
10.000000000000002,0.03378168723236975,0.02882886829795437,0.7495451800674044
10.05,0.03383801730767041,0.02885364849366403,0.7482791560454772
10.100000000000001,0.03389632299607084,0.02887846709279166,0.7470131295458401
10.150000000000002,0.03395703490288002,0.02890333331916608,0.7457470337090165
10.200000000000001,0.03402434103395361,0.028928272616203992,0.74448067762639
10.250000000000002,0.03408850380722426,0.028953289258891155,0.7432140292058304
10.3,0.03414952322269195,0.028978366861816155,0.7419472138741335
10.350000000000001,0.03420739928035669,0.029003489356193894,0.7406803562493264
10.400000000000002,0.034262131980218484,0.029028640982254366,0.7394135801404278
10.450000000000001,0.03431372132227732,0.029053806281849948,0.7381470085474158
10.500000000000002,0.034362167306533214,0.029078970091273942,0.7368807636614007
10.55,0.03440746993298615,0.029104117534283276,0.7356149668650012
10.600000000000001,0.03444962920163614,0.029129234015318705,0.7343497387329208
10.650000000000002,0.034488645112483174,0.029154305212916003,0.7330851990327228
10.700000000000001,0.03452451766552726,0.029179317073301857,0.7318214667258023
10.750000000000002,0.034557246860768394,0.029204255804168508,0.73055865996855
10.8,0.03458683269820658,0.029229107868621297,0.7292968961137104
10.850000000000001,0.03461327517784182,0.029253859979293587,0.7280362917119277
10.900000000000002,0.0346365742996741,0.029278499092623624,0.7267769625134795
10.950000000000001,0.03465673006370343,0.029303012403288226,0.7255190234701946
11.000000000000002,0.03467374246992981,0.029327387338788282,0.7242625887375559
11.05,0.03468761151835324,0.02935161155418121,0.7230077716769808
11.100000000000001,0.03469833720897372,0.02937567292695583,0.7217546848582825
11.150000000000002,0.03470591954179125,0.029399559552045113,0.7205034400623062
11.200000000000001,0.03472695219160325,0.029423287964050457,0.7192539208964147
11.250000000000002,0.03475253492647489,0.02944691658962662,0.718005671002236
11.3,0.03477829574557909,0.029470449704255147,0.7167586673951973
11.350000000000001,0.03480423464891586,0.029493889354707304,0.7155129047382162
11.400000000000002,0.0348303516364852,0.029517237551846078,0.714268377731941
11.450000000000001,0.034856646708287115,0.029540496271410217,0.7130250811146457
11.500000000000002,0.03488311986432159,0.029563667454777787,0.711783009662127
11.55,0.034909771104588636,0.02958675300970993,0.7105421581876006
11.600000000000001,0.03493660042908825,0.02960975481107534,0.7093025215415977
11.650000000000002,0.03496360783782043,0.029632674701556144,0.7080640946118631
11.700000000000001,0.03499079333078518,0.0296555144923356,0.7068268723232529
11.750000000000002,0.0350181569079825,0.02967827596376835,0.7055908496376321
11.8,0.03504569856941239,0.029700960866033504,0.7043560215537736
11.850000000000001,0.03507341831507485,0.029723570919771295,0.7031223831072573
11.900000000000002,0.03510131614496988,0.029746107816703646,0.7018899293703684
11.950000000000001,0.03512939205909747,0.029768573220239115,0.7006586554519986
12.000000000000002,0.03515764605745764,0.0297909687660628,0.6994285564975444
12.05,0.03518607814005036,0.02981329606271151,0.6981996276888087
12.100000000000001,0.035214688306875665,0.029835556692134647,0.6969718642439008
12.150000000000002,0.035243476557933535,0.0298577522102413,0.695745261417138
12.200000000000001,0.03537661565487032,0.029879995670358997,0.6945188695500377
12.250000000000002,0.035529980558576424,0.02990278193494095,0.6932884873850381
12.3,0.03557230715972892,0.029925778928818373,0.6920569141780323
12.350000000000001,0.03557203138176784,0.029948638956307224,0.6908271086286302
12.400000000000002,0.03557131823002512,0.029971312634925786,0.6895995055290994
12.450000000000001,0.03557016770450076,0.02999380045331997,0.6883741159588687
12.500000000000002,0.03556857980519477,0.030016102892317344,0.6871509508975936
12.55,0.035566554532107136,0.030038220425082876,0.6859300212256285
12.600000000000001,0.03556409188523787,0.03006015351727099,0.6847113377244977
12.650000000000002,0.03556119186458696,0.030081902627173984,0.6834949110773696
12.700000000000001,0.035557854470154415,0.030103468205866943,0.682280751869532
12.750000000000002,0.03555407970194024,0.030124850697349274,0.681068870588868
12.8,0.03554986755994442,0.030146050538682904,0.6798592776263351
12.850000000000001,0.035545218044166965,0.030167068160127212,0.6786519832764434
12.900000000000002,0.03554013115460788,0.030187903985270916,0.6774469977377368
12.950000000000001,0.03553460689126715,0.03020855843116081,0.6762443311132746
13.000000000000002,0.035528645254144786,0.030229031908427576,0.6750439934111152
13.05,0.03552224624324078,0.030249324821408727,0.6738459945447997
13.100000000000001,0.03551540985855514,0.03026943756826867,0.6726503443338376
13.150000000000002,0.03550813610008787,0.030289370541116075,0.6714570525041944
13.200000000000001,0.035500949179454934,0.030309124344273245,0.6702661267586519
13.250000000000002,0.03549559592940421,0.03032870594865819,0.6690775181986091
13.3,0.03549051925709394,0.030348120717817766,0.6678911915948987
13.350000000000001,0.03548571916252412,0.03036737156217674,0.6667071330635005
13.400000000000002,0.03548119564569475,0.030386461348720722,0.6655253287958144
13.450000000000001,0.035476948706605824,0.030405392901803562,0.6643457650583268
13.500000000000002,0.035472978345257346,0.03042416900393683,0.6631684281922782
13.55,0.035469284561649314,0.03044279239656182,0.6619933046133345
13.600000000000001,0.035465867355781736,0.030461265780804502,0.6608203808112597
13.650000000000002,0.0354627267276546,0.03047959181821391,0.6596496433495924
13.700000000000001,0.03545986267726792,0.030497773131484357,0.6584810788653234
13.750000000000002,0.035457275204621684,0.030515812305161868,0.6573146740685766
13.8,0.0354549643097159,0.030533711886335278,0.6561504157422929
13.850000000000001,0.03545292999255056,0.030551474385312367,0.6549882907419151
13.900000000000002,0.03545117225312566,0.030569102276281363,0.6538282859950766
13.950000000000001,0.03544969109144122,0.030586597997958268,0.6526703885012914
14.000000000000002,0.035448486507497226,0.03060396395422029,0.6515145853316475
14.05,0.03544755850129368,0.030621202514725734,0.6503608636285017
14.100000000000001,0.03544690707283058,0.030638316015520736,0.6492092106051774
14.150000000000002,0.03544653222210793,0.03065530675963312,0.6480596135456648
14.200000000000001,0.0354464310543315,0.0306721770171621,0.6469120598088386
14.250000000000002,0.0354464310543315,0.030688928785713568,0.6457665390379547
14.3,0.0354464310543315,0.030705563409030415,0.6446230467001732
14.350000000000001,0.0354464310543315,0.030722082111627285,0.6434815792036424
14.400000000000002,0.0354464310543315,0.030738486101011677,0.6423421329628708
14.450000000000001,0.0354464310543315,0.03075477656797818,0.6412047043987159
14.500000000000002,0.0354464310543315,0.030770954686896636,0.6400692899383729
14.55,0.0354464310543315,0.03078702161599435,0.6389358860153636
14.600000000000001,0.0354464310543315,0.030802978497632492,0.6378044890695251
14.650000000000002,0.0354464310543315,0.03081882645857686,0.636675095546999
14.700000000000001,0.0354464310543315,0.030834566610263098,0.6355477019002194
14.750000000000002,0.0354464310543315,0.03085020004905655,0.6344223045879024
14.8,0.0354464310543315,0.030865727856506802,0.6332989000750352
14.850000000000001,0.0354464310543315,0.030881151099597125,0.6321774848328641
14.900000000000002,0.0354464310543315,0.03089647083098885,0.6310580553388843
14.950000000000001,0.0354464310543315,0.0309116880892609,0.6299406080768284
15.000000000000002,0.0354464310543315,0.030926803899144466,0.6288251395366553
15.05,0.035437922304742034,0.030941812330522248,0.627711711788769
15.100000000000001,0.03539914086347868,0.030956644557685008,0.626600982285875
15.150000000000002,0.035328999227439435,0.03097119914130659,0.6254939214733127
15.200000000000001,0.03522749739662429,0.030985375662754912,0.6243914958966176
15.250000000000002,0.035164848918609146,0.030999143411466944,0.6232940151909288
15.3,0.035140717261456525,0.03101271741989767,0.6221994512162121
15.350000000000001,0.035116502789476915,0.031026124258682047,0.6211075601038499
15.400000000000002,0.035092205502670316,0.031039365287216552,0.6200183370934794
15.450000000000001,0.03506782540103673,0.031052441847300282,0.6189317774292524
15.500000000000002,0.035043362484576145,0.031065355263418807,0.6178478763598709
15.55,0.035018816753288565,0.031078106843022497,0.6167666291386219
15.600000000000001,0.034994188207174,0.03109069787679956,0.6156880310234116
15.650000000000002,0.03496947684623244,0.03110312963894378,0.6146120772768008
15.700000000000001,0.03494468267046389,0.031115403387417154,0.6135387631660382
15.750000000000002,0.03491980567986835,0.031127520364207583,0.612468083963095
15.8,0.034894845874445815,0.031139481795581583,0.6114000349446987
15.850000000000001,0.03486980325419629,0.031151288892332294,0.6103346113923664
15.900000000000002,0.03484467781911977,0.03116294285002274,0.6092718085924381
15.950000000000001,0.03481946956921626,0.03117444484922456,0.6082116218361102
16.0,0.03479417850448577,0.031185796055752255,0.6071540464194681
16.05,0.03476880462492827,0.031196997620893032,0.6060990776435189
16.1,0.03474334793054379,0.031208050681632408,0.6050467108142238
16.150000000000002,0.03471780842133231,0.03121895636087557,0.6039969412425307
16.200000000000003,0.034692186097293846,0.031229715767664683,0.6029497642444059
16.25,0.03466641145613642,0.031240329959836912,0.6019051755081922
16.3,0.03464054929181339,0.031250799716058826,0.6008631733318639
16.35,0.03461480575703135,0.03126112652927769,0.599823748899493
16.400000000000002,0.03458918085179031,0.031271312068574454,0.5987868915204937
16.450000000000003,0.03456367457609026,0.03128135798273728,0.597752590551106
16.5,0.03453828692993121,0.03129126590056903,0.5967208353941682
16.55,0.03451301791331314,0.03130103743118915,0.5956916154988919
16.6,0.034487867526236074,0.03131067416433008,0.5946649203606388
16.650000000000002,0.0344628357687,0.03132017767062841,0.5936407395206973
16.700000000000003,0.034437922640704915,0.031329549501910685,0.5926190625660612
16.75,0.03441312814225082,0.03133879119147418,0.5915998791292105
16.8,0.03438845227333773,0.031347904254362645,0.5905831788878915
16.85,0.03436389503396562,0.03135689018763711,0.5895689515649001
16.900000000000002,0.03433945642413451,0.031365750470641905,0.5885571869278656
16.950000000000003,0.034315136443844395,0.031374486565265945,0.5875478747890355
17.0,0.03429093509309527,0.0313830999161995,0.5865410050050615
17.05,0.03426685237188714,0.03139159195118629,0.5855365674767876
17.1,0.03424288828022,0.031399964081271305,0.5845345521490386
17.150000000000002,0.034219042818093855,0.03140821770104416,0.5835349490104101
17.200000000000003,0.034195315985508706,0.03141635418887835,0.5825377480930598
17.25,0.03417280658361052,0.03142437499576773,0.5815429385836833
17.3,0.03416742340625247,0.03143231139495049,0.5805502100293726
17.35,0.03415899081204762,0.03144018214374665,0.5795593762985024
17.400000000000002,0.03414750880099594,0.031447979045415755,0.5785705216884046
17.450000000000003,0.03413297737309746,0.03145569399716275,0.5775837299031464
17.5,0.03411539652835217,0.03146331898879599,0.5765990840565814
17.55,0.034094766266760064,0.03147084610140804,0.5756166666755208
17.6,0.03407108658832114,0.03147826750607907,0.5746365597030239
17.650000000000002,0.034044357493035415,0.031485575462602215,0.5736588445018036
17.700000000000003,0.034014578980902876,0.03149276231823057,0.57268360185775
17.75,0.03398175105192353,0.03149982050644536,0.571710911983565
17.8,0.03394587370609737,0.031506742545744905,0.5707408545225106
17.85,0.0339069469434244,0.03151352103845383,0.569773508552269
17.900000000000002,0.033864970763904614,0.031520148669552384,0.5688089525889112
17.950000000000003,0.03381994516753802,0.03152661820552519,0.567847264590973
18.0,0.03377187015432462,0.03153292249322929,0.5668885219636395
18.05,0.0337207457242644,0.03153905445878091,0.5659328015630327
18.1,0.033666571877357374,0.03154500710646076,0.5649801797006052
18.150000000000002,0.03360934861360353,0.03155077351763731,0.5640307321476351
18.200000000000003,0.03354907593300288,0.03155634684970801,0.5630845341398214
18.25,0.033485753835555424,0.03156172033505772,0.5621416603819809
18.3,0.03341089898639544,0.031566878193707675,0.5612022783694248
18.35,0.03333692323113631,0.03157180078525478,0.560266595910611
18.400000000000002,0.03326824928311411,0.031576502806055326,0.5593344682171627
18.450000000000003,0.033204877142328816,0.0315810004174087,0.5584057347040735
18.5,0.033146806808780446,0.03158530960589756,0.5574802358262002
18.55,0.033094038282469,0.031589446185742456,0.5565578130692476
18.6,0.03304657156339446,0.03159342580111859,0.5556383089412059
18.650000000000002,0.033004406651556836,0.03159726392843518,0.5547215669642345
18.700000000000003,0.032967543546956135,0.031600975878578366,0.5538074316669872
18.75,0.032935982249592356,0.03160457679911817,0.5528957485773754
18.8,0.032909722759465486,0.03160808167648024,0.5519863642157634
18.85,0.03288876507657554,0.03161150533808308,0.5510791260885903
18.900000000000002,0.032873109200922505,0.03161486245444127,0.5501738826824162
18.950000000000003,0.03286275513250639,0.031618167541235476,0.549270483458385
19.0,0.032857702871327193,0.03162143496134971,0.5483687788471029
19.05,0.03285715904562052,0.031624678547149204,0.547468624204205
19.1,0.03285715904562052,0.03162790493588866,0.5465699494209394
19.150000000000002,0.03285715904562052,0.03163111447664514,0.5456727498205982
19.200000000000003,0.03285715904562052,0.03163430730104352,0.5447770229816552
19.250000000000004,0.03285715904562052,0.031637483539341114,0.5438827664865588
19.3,0.03285715904562052,0.031640643320445465,0.5429899779217262
19.35,0.03285715904562052,0.031643786771931706,0.5420986548775363
19.400000000000002,0.03285715904562052,0.03164691402005977,0.5412087949483234
19.450000000000003,0.03285715904562052,0.03165002518979129,0.5403203957323709
19.500000000000004,0.03285715904562052,0.03165312040480624,0.5394334548319046
19.55,0.03285715904562052,0.03165619978751932,0.5385479698530862
19.6,0.03285715904562052,0.03165926345909611,0.5376639384060068
19.650000000000002,0.03285715904562052,0.03166231153946894,0.5367813581046808
19.700000000000003,0.03285715904562052,0.03166534414735257,0.535900226567039
19.750000000000004,0.03285517872326325,0.03166836044443467,0.5350205515147952
19.8,0.032842200349940495,0.031671343621269984,0.5341425096078295
19.85,0.032817114761194935,0.03167426383000781,0.533266416143309
19.900000000000002,0.03277992195702657,0.03167709112514279,0.5323925885489019
19.950000000000003,0.0327306219374354,0.031679795861375135,0.5315213421549508
20.000000000000004,0.03266921470242142,0.03168234868985806,0.5306529902090464
20.05,0.03259570025198465,0.03168472055450137,0.5297878438924561
20.1,0.03251007858612506,0.03168688268833015,0.5289262123383858
20.150000000000002,0.03241234970484268,0.03168880660989782,0.5280684026520529
20.200000000000003,0.03230251360813748,0.03169046411975231,0.5272147199325508
20.250000000000004,0.03218057029600948,0.031691827296954626,0.5263654672964829
20.3,0.03205109305960868,0.03169286911657979,0.5255209392792103
20.35,0.03195568765136202,0.03169363101158315,0.5246807004217581
20.400000000000002,0.03186544191357107,0.03169416165814773,0.5238442362971459
20.450000000000003,0.03178035584623583,0.03169447536780352,0.5230113982008694
20.500000000000004,0.031700429449356304,0.03169458631245584,0.5221820383583152
20.55,0.03162566272293249,0.031694508526083943,0.5213560099152778
20.6,0.03155605566696439,0.03169425590641484,0.5205331669288855
20.650000000000002,0.031491608281452,0.03169384221657284,0.5197133643589402
20.700000000000003,0.03143232056639532,0.031693281086705244,0.5188964580596586
20.750000000000004,0.03137819252179436,0.0316925860155844,0.5180823047718162
20.8,0.031329224147649104,0.0316917703721868,0.5172707621152868
20.85,0.03128541544395956,0.031690847397249346,0.5164616885819752
20.900000000000002,0.031246766410725733,0.0316898302048033,0.5156549435291374
20.950000000000003,0.03121327704794762,0.03168873178368635,0.5148503871730852
21.000000000000004,0.031184947355625214,0.03168756499903293,0.5140478805832709
21.05,0.031161777333758522,0.03168634259374342,0.5132472856767484
21.1,0.031143766982347543,0.03168507718993246,0.512448465213006
21.150000000000002,0.031130916301392277,0.03168378129035657,0.5116512827891682
21.200000000000003,0.03112322529089272,0.031682467279821776,0.5108556028355615
21.250000000000004,0.031120693722948387,0.031681147426569536,0.5100612906116595
21.3,0.031120693722948387,0.03167983180754695,0.5092682347226575
21.35,0.031084953975728285,0.03167848491505821,0.508476818296674
21.400000000000002,0.031046371340365843,0.031677052752435944,0.5076876265506876
21.450000000000003,0.03100950884880829,0.031675539335179144,0.5069006157643676
21.500000000000004,0.030974366501055627,0.031673949230515044,0.5061157360607164
21.55,0.03094094429710786,0.0316722869632836,0.5053329378541477
21.6,0.03090924223696498,0.03167055701642813,0.5045521718486013
21.650000000000002,0.030879260320626992,0.031668763831479055,0.5037733890357057
21.700000000000003,0.030850998548093894,0.03166691180903105,0.5029965406929867
21.750000000000004,0.030824456919365688,0.03166500530921353,0.5022215783821257
21.8,0.030799635434442373,0.03166304865215476,0.5014484539472612
21.85,0.030776534093323947,0.03166104611843945,0.5006771195133395
21.900000000000002,0.030755152896010413,0.03165900194956025,0.49990752748450845
21.950000000000003,0.03073549184250177,0.03165692034836294,0.49913963054255817
22.000000000000004,0.03071755093279802,0.0316548054794856,0.4983733816454056
22.05,0.03070133016689916,0.03165266146979182,0.4976087340256232
22.1,0.03068682954480519,0.031650492408798026,0.49684564118901237
22.150000000000002,0.03067404906651611,0.03164830234909497,0.49608405691321933
22.200000000000003,0.030662988732031923,0.03164609530676358,0.4953239352463948
22.250000000000004,0.030653648541352625,0.03164387526178518,0.4945652305058958
22.3,0.03064602849447822,0.031641646158446196,0.49380789727702945
22.35,0.03064319395190351,0.03163941386562138,0.4930518688144875
22.400000000000002,0.03064319395190351,0.03163719016045683,0.49229701303973317
22.450000000000003,0.03064319395190351,0.03163497636043778,0.4915433129390098
22.500000000000004,0.03064319395190351,0.031632772399529926,0.490790766742996
22.55,0.03064319395190351,0.031630578212284634,0.49003937268507913
22.6,0.030643134630917442,0.03162839372798578,0.4892891290660035
22.650000000000002,0.030638925775521055,0.03162621533945898,0.48854007332816674
22.700000000000003,0.030628074654606235,0.03162402996148042,0.4877923479778628
22.750000000000004,0.030610581268172985,0.03162182304174862,0.48704611217074095
22.8,0.030586445616221303,0.03161958015561392,0.48630152407845373
22.85,0.030555667698751194,0.03161728700468175,0.4855587408938387
22.900000000000002,0.03051824751576265,0.031614929415434374,0.4848179188366096
22.950000000000003,0.030474185067255678,0.03161249333787055,0.4840792131595525
23.000000000000004,0.030423480353230274,0.03160996484416294,0.48334277815522103
23.05,0.030366133373686443,0.03160733012733304,0.48260876716312545
23.1,0.030302144128624177,0.031604575499943326,0.4818773325774094
23.150000000000002,0.03023151261804348,0.031601687392806214,0.48114862585501034
23.200000000000003,0.030154238841944354,0.031598652353709906,0.4804227975242972
23.250000000000004,0.030070322800326794,0.03159545704616056,0.4796999971941799
23.3,0.029979764493190814,0.03159208824814065,0.4789803735636874
23.35,0.029809260784994934,0.031588510600531916,0.4782643229121175
23.400000000000002,0.029516615305295712,0.031584376384282915,0.4775557330742972
23.450000000000003,0.029334857615348656,0.03157975403764516,0.4768538485643205
23.500000000000004,0.02926398771515376,0.0315748826078121,0.47615600288874294
23.55,0.02926345074174025,0.03156997440334007,0.47545982185151964
23.6,0.02926541923325899,0.031565089530552704,0.4747646302964645
23.650000000000002,0.029268834202303678,0.03156023100338026,0.4740703914092972
23.700000000000003,0.02927369564887431,0.03155540170671869,0.47337706974721844
23.750000000000004,0.029280003572970892,0.03155060450117008,0.47268463006911365
23.8,0.02928775797459342,0.03154584222329785,0.47199303733490283
23.85,0.029296958853741898,0.03154111768587872,0.47130225670491516
23.900000000000002,0.02930760621041632,0.031536433678151544,0.47061225353929037
23.950000000000003,0.02931970004461669,0.03153179296606296,0.46992299339740534
24.000000000000004,0.02933324035634301,0.03152719829251009,0.469234442037326
24.05,0.029348227145595273,0.031522652377580083,0.4685465654152841
24.1,0.029364660412373487,0.031518157918786746,0.46785932968517935
24.150000000000002,0.029382540156677645,0.03151371759130423,0.46717270119810533
24.200000000000003,0.029401866378507755,0.031509334048197814,0.4664866465019006
24.250000000000004,0.02942263907786381,0.03150500992065182,0.4658011323407229
24.3,0.02944485825474581,0.031500747818194744,0.46511612565464816
24.35,0.02946852390915376,0.03149655032892156,0.46443159357929226
24.400000000000002,0.02949432210381945,0.0314924212860597,0.46374748911619196
24.450000000000003,0.02951826742830582,0.03148835999339274,0.4630638164731893
24.500000000000004,0.029540359882612867,0.03148436225475582,0.4623806195494008
24.55,0.02956059946674059,0.0314804239081688,0.4616979419877559
24.6,0.029578986180688997,0.0314765408254887,0.4610158271754582
24.650000000000002,0.029595520024458078,0.03147270891206667,0.46033431824448834
24.700000000000003,0.029610200998047842,0.031468924106408835,0.459653458072147
24.750000000000004,0.02962302910145828,0.03146518237984155,0.45897328928163805
24.8,0.0296340043346894,0.03146147973618042,0.4582938542426915
24.85,0.0296431266977412,0.03145781221140353,0.4576151950722255
24.900000000000002,0.029650396190613677,0.031454175873328466,0.4569373536350479
24.950000000000003,0.029655812813306832,0.03145056682129336,0.45626037154459537
25.000000000000004,0.029659376565820666,0.03144698118584159,0.4555842901637114
25.05,0.02966108744815518,0.03144341512841045,0.454909150605461
25.1,0.02965795749982886,0.03143986369696522,0.45423500677773204
25.150000000000002,0.029636612888840688,0.031436303207126884,0.45356212639371063
25.200000000000003,0.029595442910477585,0.031432694827774665,0.45289095058683493
25.250000000000004,0.029534447564739545,0.031428999585247495,0.45222192301139463
25.3,0.029453626851626585,0.031425178813976516,0.45155548469133694
25.35,0.029352980771138685,0.03142119415344664,0.4508920740436029
25.400000000000002,0.029290920413199542,0.031417041934292775,0.45023173363575214
25.450000000000003,0.029262223234943596,0.031412836678859385,0.44957315380333013
25.500000000000004,0.029233584921206923,0.0314085917033571,0.44891618078376994
25.55,0.029205005471989526,0.031404307356170925,0.4482608090276421
25.6,0.029176484887291403,0.03139998398296408,0.4476070330062789
25.650000000000002,0.029148023167112548,0.03139562192670455,0.4469548472116843
25.700000000000003,0.02911962031145297,0.031391221527691325,0.44630424615644426
25.750000000000004,0.029091276320312665,0.031386783123580286,0.44565522437363725
25.8,0.029062991193691632,0.03138230704940983,0.4450077764167458
25.85,0.029034764931589872,0.03137779363762618,0.444361896859568
25.900000000000002,0.029006597534007385,0.031373243218108415,0.4437175802961296
25.950000000000003,0.02897848900094417,0.03136865611819317,0.44307482134059667
26.000000000000004,0.02895043933240023,0.03136403266269914,0.44243361462718817
26.05,0.028922448528375565,0.03135937317395118,0.44179395481008976
26.1,0.02889451658887017,0.03135467797180424,0.4411558365633673
26.150000000000002,0.02886664351388405,0.03134994737366694,0.44051925458088137
26.200000000000003,0.0288388293034172,0.03134518169452497,0.4398842035762014
26.250000000000004,0.028811073957469627,0.0313403812469641,0.4392506782825211
26.3,0.028783377476041327,0.031335546341193024,0.4386186734525741
26.35,0.0287557398591323,0.031330677285065923,0.4379881838585491
26.400000000000002,0.02872816110674254,0.03132577438410474,0.4373592042920069
26.450000000000003,0.02870064121887206,0.03132083794152123,0.43673172956379686
26.500000000000004,0.02867318019552085,0.031315868258238774,0.4361057545039737
26.55,0.028645778036688916,0.0313108656329139,0.43548127396171554
26.6,0.028618434742376252,0.03130583036195759,0.4348582828052412
26.650000000000002,0.028591150312582865,0.031300762739556356,0.434236775921729
26.700000000000003,0.028563924747308747,0.03129566305769309,0.4336167482172352
26.750000000000004,0.028536758046553905,0.03129053160616759,0.43299819461661326
26.8,0.028509650210318337,0.03128536867261702,0.4323811100634331
26.85,0.028482601238602037,0.031280174542535955,0.43176548951990107
26.900000000000002,0.028455611131405014,0.031274949499296344,0.4311513279667804
26.950000000000003,0.028428679888727264,0.03126969382416721,0.4305386204033117
27.000000000000004,0.028401807510568786,0.03126440779633406,0.429927361847134
27.05,0.02837499399692958,0.03125909169291824,0.42931754733420596
27.1,0.028348239347809653,0.03125374578899587,0.42870917191872815
27.150000000000002,0.028321543563208994,0.031248370357616746,0.4281022306730649
27.200000000000003,0.02829490664312761,0.031242965669822948,0.427496718687667
27.250000000000004,0.028268328587565495,0.031237531994667254,0.4268926310709944
27.3,0.028241809396522658,0.03123206959923136,0.4262899629494398
27.35,0.028215349069999094,0.031226578748643888,0.4256887094672523
27.400000000000002,0.028188947607994803,0.031221059706098224,0.42508886578646116
27.450000000000003,0.02816260501050978,0.031215512732870133,0.4244904270868006
27.500000000000004,0.028136321277544035,0.031209938088335186,0.42389338856563435
27.55,0.028110096409097566,0.03120433602998602,0.42329774543788085
27.6,0.028083930405170366,0.031198706813449373,0.4227034929359386
27.650000000000002,0.02805782326576244,0.03119305069250297,0.4221106263096125
27.700000000000003,0.028031774990873785,0.031187367919092213,0.4215191408260394
27.750000000000004,0.028005785580504403,0.031181658743346663,0.4209290317696154
27.8,0.027979855034654298,0.03117592341359641,0.4203402944419221
27.85,0.027953983353323466,0.031170162176388173,0.41975292416165444
27.900000000000002,0.027928170536511903,0.031164375276501354,0.41916691626454783
27.950000000000003,0.027902416584219616,0.031158562956963766,0.41858226610330673
28.000000000000004,0.027876721496446603,0.03115272545906732,0.41799896904753253
28.05,0.027851085273192862,0.0311468630223835,0.4174170204836523
28.1,0.027825507914458394,0.031140975884778634,0.41683641581484804
28.150000000000002,0.0277999894202432,0.03113506428242907,0.4162571504609856
28.200000000000003,0.027774529790547276,0.031129128449836143,0.415679219858545
28.250000000000004,0.027749129025370627,0.031123168619841,0.41510261946055
28.3,0.027723787124713253,0.031117185023639284,0.41452734473649844
28.35,0.02769850408857515,0.031111177890795594,0.41395339117229346
28.400000000000002,0.027673279916956322,0.0311051474492579,0.41338075427017407
28.450000000000003,0.027648114609856764,0.03109909392537174,0.4128094295486465
28.500000000000004,0.027623008167276482,0.031093017543894222,0.4122394125424166
28.55,0.027597960589215473,0.03108691852800802,0.4116706988023206
28.6,0.027572971875673737,0.031080797099335047,0.41110328389525896
28.650000000000002,0.027548042026651273,0.031074653477950142,0.41053716340412794
28.700000000000003,0.027523171042148083,0.031068487882394524,0.4099723329277531
28.750000000000004,0.027498358922164165,0.0310623005296891,0.40940878808082254
28.8,0.027473605666699524,0.031056091635347723,0.40884652449382053
28.85,0.02744891127575415,0.03104986141339019,0.4082855378129614
28.900000000000002,0.027424275749328052,0.0310436100763552,0.40772582370012417
28.950000000000003,0.02739969908742123,0.031037337835313133,0.40716737783278656
29.000000000000004,0.027375181290033676,0.03103104489987871,0.40661019590396064
29.05,0.0273507223571654,0.031024731478223537,0.4060542736221273
29.1,0.027326322288816395,0.031018397777088473,0.4054996067111723
29.150000000000002,0.027301981084986663,0.03101204400179591,0.404946190910322
29.200000000000003,0.027277698745676204,0.031005670356261936,0.4043940219740793
29.250000000000004,0.02725347527088502,0.03099927704300833,0.4038430956721604
29.3,0.027229310660613106,0.03099286426317448,0.4032934077894315
29.35,0.027205204914860465,0.030986432216529143,0.40274495412584543
29.400000000000002,0.0271811580336271,0.030979981101482097,0.4021977304963798
29.450000000000003,0.027157170016913007,0.0309735111150957,0.4016517327309739
29.500000000000004,0.027133240864718185,0.03096702245309628,0.4011069566744671
29.55,0.02710937057704264,0.030960515309885462,0.4005633981865371
29.6,0.027085559153886368,0.030953989878551347,0.4000210531416381
29.650000000000002,0.027061806595249368,0.030947446350879575,0.3994799174289401
29.700000000000003,0.02703811290113164,0.030940884917364315,0.3989399869522679
29.750000000000004,0.027014478071533184,0.03093430576721909,0.39840125763004025
29.8,0.026990902106454006,0.030927709088387545,0.39786372539521
29.85,0.026967385005894098,0.03092109506755406,0.39732738619520364
29.900000000000002,0.026943926769853462,0.030914463890154297,0.39679223599186214
29.950000000000003,0.0269205273983321,0.03090781574038562,0.3962582707613809
30.000000000000004,0.026897186891330013,0.030901150801217404,0.3957254864942511
30.05,0.0268739052488472,0.030894469254401254,0.39519387919520066
30.1,0.026850682470883656,0.030887771280481133,0.3946634448831354
30.150000000000002,0.026827518557439388,0.03088105705880336,0.3941341795910812
30.200000000000003,0.02680441350851439,0.030874326767526536,0.3936060793661256
30.250000000000004,0.026781367324108667,0.030867580583631343,0.39307914026936047
30.3,0.026758380004222218,0.030860818682930283,0.39255335837582395
30.35,0.02673545154885504,0.030854041240077287,0.3920287297744435
30.400000000000002,0.026712581958007138,0.030847248428577247,0.39150525056797925
30.450000000000003,0.02668996394153644,0.030840440438396684,0.39098291666341684
30.500000000000004,0.026668883089421083,0.03083361910672219,0.39046170435086414
30.55,0.02664774701957575,0.030826785556066303,0.389941598410229
30.6,0.026626555732000443,0.03081993975610094,0.38942259734581175
30.650000000000002,0.026605309226695156,0.03081308167669592,0.38890469966310875
30.700000000000003,0.026584007503659895,0.030806211287917357,0.388387903868823
30.750000000000004,0.026562650562894658,0.030799328560026033,0.3878722084708746
30.8,0.026541238404399446,0.030792433463475873,0.3873576119784106
30.85,0.026519771028174256,0.03078552596891232,0.3868441129018156
30.900000000000002,0.02649824843421909,0.030778606047170837,0.3863317097527215
30.950000000000003,0.026476670622533945,0.030771673669275326,0.3858204010440184
31.000000000000004,0.026455037593118826,0.030764728806436662,0.3853101852898634
31.05,0.026433349345973734,0.030757771430051137,0.38480106100569195
31.1,0.02641160588109866,0.030750801511698986,0.38429302670822685
31.150000000000002,0.026389807198493615,0.030743819023142927,0.3837860809154888
31.200000000000003,0.02636795329815859,0.03073682393632668,0.3832802221468059
31.250000000000004,0.026346044180093592,0.03072981622337352,0.38277544892282367
31.3,0.026324079844298614,0.03072279585658486,0.38227175976551475
31.35,0.026302060290773664,0.030715762808438817,0.3817691531981885
31.400000000000002,0.026279985519518732,0.030708717051588792,0.38126762774550116
31.450000000000003,0.02625785553053383,0.030701658558862106,0.380767181933465
31.500000000000004,0.026235670323818946,0.030694587303258605,0.380267814289458
31.55,0.026213429899374092,0.030687503257949274,0.37976952334223396
31.6,0.026191134257199256,0.030680406396274933,0.3792723076219309
31.650000000000002,0.02616878339729445,0.030673296691744834,0.3787761656600818
31.700000000000003,0.02614637731965966,0.030666174118035388,0.378281095989623
31.750000000000004,0.026123916024294896,0.030659038648988803,0.3777870971449042
31.8,0.02610139951120016,0.030651890258611817,0.3772941676616975
31.85,0.026078827780375444,0.030644728921074383,0.37680230607720666
31.900000000000002,0.026056200831820753,0.030637554610708394,0.3763115109300766
31.950000000000003,0.026033518665536087,0.030630367302006436,0.3758217807604023
32.0,0.026010781281521442,0.030623166969620495,0.37533311410973813
32.05,0.025987988679776825,0.030615953588360757,0.37484550952110685
32.1,0.025965140860302226,0.030608727133194333,0.3743589655390087
32.15,0.025942237823097656,0.030601487579244073,0.37387348070943066
32.199999999999996,0.02591927956816311,0.03059423490178734,0.373389053579855
32.25,0.025896266095498582,0.030586969076254817,0.3729056826992684
32.3,0.025873197405104083,0.03057969007822931,0.3724233666181711
32.35,0.0258500734969796,0.030572397883444596,0.3719421038885852
32.4,0.02582689437112515,0.030565092467784234,0.3714618930640641
32.449999999999996,0.025803660027540722,0.030557773807280423,0.3709827326997007
32.5,0.025780370466226315,0.030550441878112854,0.3705046213521364
32.55,0.025757025687181932,0.030543096656607583,0.3700275575795699
32.6,0.02573362569040757,0.030535738119235906,0.36955153994176543
32.65,0.025710170475903238,0.030528366242613236,0.36907656700006186
32.699999999999996,0.02568666004366893,0.03052098100349802,0.3686026373173808
32.75,0.02566309439370464,0.030513582378790642,0.3681297494582351
32.8,0.025639473526010377,0.030506170345532324,0.36765790198873816
32.85,0.025615797440586136,0.030498744880904084,0.3671870934766109
32.9,0.02559206613743192,0.030491305962225636,0.36671732249119166
32.949999999999996,0.02556827961654773,0.030483853566954374,0.3662485876034434
33.0,0.02554443787793356,0.030476387672684326,0.3657808873859624
33.05,0.025520540921589414,0.030468908257145072,0.3653142204129872
33.1,0.025496588747515293,0.030461415298200793,0.3648485852604054
33.15,0.025472581355711198,0.03045390877384919,0.3643839805057633
33.199999999999996,0.025448518746177123,0.030446388662220533,0.363920404728273
33.25,0.02542440091891307,0.030438854941576627,0.36345785650882095
33.3,0.025400227873919046,0.030431307590309833,0.36299633442997625
33.35,0.025375999611195042,0.03042374658694211,0.362535837075998
33.4,0.025351716130741067,0.030416171910124,0.3620763630328442
33.449999999999996,0.025327377432557113,0.030408583538633717,0.36161791088817863
33.5,0.025302983516643177,0.030400981451376177,0.3611604792313796
33.55,0.025278534382999273,0.030393365627382023,0.36070406665354776
33.6,0.025254030031625387,0.030385736045806733,0.3602486717475133
33.65,0.02522947046252153,0.03037809268592968,0.35979429310784444
33.699999999999996,0.025204855675687695,0.030370435527153204,0.3593409293308547
33.75,0.02518018567112388,0.03036276454900169,0.3588885790146112
33.8,0.025155460448830092,0.0303550797311207,0.3584372407589416
33.85,0.025130680008806326,0.03034738105327606,0.3579869131654422
33.9,0.025105844351052585,0.030339668495352946,0.35753759483748576
33.949999999999996,0.02508095347556887,0.030331942037355064,0.3570892843802284
34.0,0.025056007382355173,0.03032420165940371,0.3566419804006178
34.05,0.025031006071411507,0.030316447341736986,0.35619568150740016
34.1,0.025005949542737858,0.030308679064708847,0.3557503863111282
34.15,0.024980837796334237,0.03030089680878836,0.3553060934241681
34.199999999999996,0.024955670832200638,0.030293100554558767,0.35486280146070703
34.25,0.024930448650337063,0.03028529028271671,0.3544205090367607
34.3,0.024905171250743513,0.03027746597407137,0.35397921477018085
34.35,0.02487983863341998,0.030269627609543694,0.35353891728066134
34.4,0.02485445079836648,0.03026177517016554,0.35309961518974703
34.449999999999996,0.024829007745583002,0.030253908637078875,0.35266130712084004
34.5,0.024803509475069544,0.03024602799153499,0.35222399169920704
34.55,0.02477795598682611,0.03023813321489374,0.35178766755198637
34.6,0.024752347280852703,0.030230224288622674,0.35135233330819543
34.65,0.02472668335714932,0.030222301194296346,0.3509179875987376
34.699999999999996,0.024700964215715958,0.030214363913595502,0.3504846290564089
34.75,0.02467518985655262,0.03020641242830632,0.3500522563159056
34.8,0.024649360279659308,0.030198446720319648,0.3496208680138308
34.85,0.024623475485036014,0.030190466771630266,0.34919046278870164
34.9,0.02459753547268275,0.03018247256433615,0.3487610392809557
34.949999999999996,0.02457154024259951,0.0301744640806377,0.3483325961329584
35.0,0.02454548979478629,0.030166441302837032,0.3479051319890097
35.05,0.024519384129243097,0.030158404213337254,0.3474786454953507
35.1,0.024493223245969923,0.030150352794641736,0.34705313530017046
35.15,0.024467007144966777,0.030142287029353412,0.34662860005361296
35.199999999999996,0.024440735826233653,0.030134206900174036,0.3462050384077837
35.25,0.024414409289770553,0.03012611238990355,0.3457824490167559
35.3,0.024388027535577478,0.03011800348143931,0.3453608305365781
35.35,0.024361590563654424,0.03010988015777546,0.3449401816252797
35.4,0.024335098374001395,0.03010174240200219,0.34452050094287856
35.449999999999996,0.02430855096661839,0.030093590197305137,0.34410178715138634
35.5,0.02428194834150541,0.030085423526964625,0.3436840389148162
35.55,0.024255290498662454,0.03007724237435505,0.34326725489918875
35.6,0.024228577438089517,0.030069046722944234,0.34285143377253813
35.65,0.02420180915978661,0.03006083655629272,0.34243657420491924
35.699999999999996,0.024174985663753725,0.030052611858053167,0.3420226748684132
35.75,0.02414810694999086,0.030044372611969655,0.3416097344371346
35.8,0.024121173018498022,0.030036118801877135,0.3411977515872371
35.85,0.024094183869275206,0.03002785041170069,0.3407867249969201
35.9,0.024067139502322414,0.03001956742545497,0.3403766533464351
35.949999999999996,0.02404003991763965,0.030011269827243572,0.3399675353180914
36.0,0.024012885115226902,0.03000295760125839,0.33955936959626276
36.05,0.023985675095084185,0.02999463073177902,0.33915215486739375
36.1,0.023958409857211486,0.029986289203172155,0.33874588982000514
36.15,0.023931089401608815,0.029977932999890988,0.33834057314470073
36.199999999999996,0.02390371372827617,0.029969562106474595,0.33793620353417303
36.25,0.02387628283721354,0.029961176507547354,0.33753277968320944
36.3,0.023848796728420944,0.02995277618781835,0.3371303002886985
36.35,0.02382125540189836,0.029944361132080825,0.3367287640496353
36.4,0.02379365885764581,0.029935931325211555,0.3363281696671281
36.449999999999996,0.02376600709566328,0.029927486752170294,0.33592851584440375
36.5,0.023738300115950774,0.02991902739799921,0.33552980128681403
36.55,0.023710537918508294,0.029910553247822345,0.335132024701841
36.6,0.023682720503335832,0.029902064286844988,0.3347351847991036
36.65,0.0236548478704334,0.029893560500353196,0.33433928029036275
36.699999999999996,0.02362692001980099,0.029885041873713204,0.33394430988952734
36.75,0.0235989369514386,0.029876508392370865,0.33355027231266043
36.8,0.023570898665346236,0.02986796004185116,0.33315716627798453
36.85,0.023542805161523895,0.029859396807757625,0.33276499050588726
36.9,0.023514656439971582,0.02985081867577181,0.3323737437189275
36.949999999999996,0.02348645250068929,0.02984222563165278,0.33198342464184066
37.0,0.02345819334367702,0.02983361766123657,0.33159403200154436
37.05,0.023429878968934774,0.029824994750435686,0.3312055645271443
37.1,0.023401509376462553,0.029816356885238576,0.3308180209499393
37.15,0.023373084566260357,0.029807704051709103,0.33043140000342763
37.199999999999996,0.023344604538328186,0.02979903623598607,0.33004570042331205
37.25,0.023316069292666032,0.029790353424282694,0.32966092094750504
37.3,0.023287478829273907,0.029781655602886134,0.32927706031613496
37.35,0.023258833148151803,0.029772942758156954,0.32889411727155105
37.4,0.023230132249299724,0.029764214876528677,0.32851209055832903
37.449999999999996,0.023201376132717673,0.02975547194450726,0.32813097892327636
37.5,0.02317256479840564,0.02974671394867063,0.32775078111543776
37.55,0.02314369824636363,0.029737940875668223,0.32737149588610054
37.6,0.023114776476591645,0.02972915271222047,0.32699312198879976
37.65,0.02308579948908969,0.02972034944511834,0.326615658179324
37.699999999999996,0.023056767283857756,0.02971153106122289,0.3262391032157199
37.75,0.02302767986089584,0.029702697547464785,0.32586345585829807
37.8,0.022998537220203952,0.02969384889084384,0.32548871486963804
37.85,0.022969339361782085,0.029684985078428552,0.32511487901459357
37.9,0.022940086285630247,0.02967610609735567,0.32474194706029774
37.949999999999996,0.02291077799174843,0.02966721193482973,0.3243699177761681
38.0,0.022881414480136635,0.029658302578122613,0.32399878993391173
38.05,0.022851995750794864,0.029649378014573097,0.32362856230753095
38.1,0.022822521803723118,0.029640438231586432,0.3232592336733275
38.15,0.022792992638921396,0.0296314832166339,0.3228908028099081
38.199999999999996,0.0227634082563897,0.029622512957252354,0.32252326849818974
38.25,0.02273376865612802,0.02961352744104383,0.32215662952140417
38.3,0.02270407383813637,0.02960452665567512,0.32179088466510314
38.35,0.022674323802414742,0.02959551058887731,0.3214260327171634
38.4,0.02264451854896314,0.029586479228445386,0.3210620724677921
38.45,0.022614658077781558,0.029577432562237854,0.3206990027095305
38.5,0.022584742388870004,0.029568370578176257,0.3203368222372601
38.55,0.022554771482228474,0.029559293264244803,0.3199755298482074
38.6,0.02252474535785696,0.029550200608489976,0.3196151243419477
38.65,0.022494664015755478,0.02954109259902011,0.31925560452041146
38.7,0.022464527455924015,0.02953196922400499,0.3188969691878878
38.75,0.02243433567836258,0.029522830471675466,0.31853921715103045
38.8,0.022404088683071168,0.029513676330323035,0.31818234721886174
38.85,0.022373786470049773,0.029504506788299505,0.31782635820277727
38.9,0.02234342903929841,0.02949532183401654,0.3174712489165517
38.95,0.022313016390817064,0.029486121455945313,0.31711701817634236
39.0,0.022282548524605747,0.029476905642616142,0.3167636648006943
39.05,0.022252025440664455,0.02946767438261806,0.31641118761054543
39.1,0.022221447138993183,0.029458427664598483,0.31605958542923046
39.15,0.022190813619591937,0.02944916547726281,0.31570885708248636
39.2,0.02216012488246071,0.029439887809374087,0.3153590013984559
39.25,0.02212938092759951,0.029430594649752603,0.31501001720769356
39.3,0.022098581755008336,0.02942128598727554,0.31466190334316907
39.35,0.022067727364687182,0.029411961810876616,0.3143146586402725
39.4,0.022036817756636056,0.029402622109545733,0.3139682819368188
39.45,0.022005852930854948,0.029393266872328593,0.313622772073052
39.5,0.021974832887343868,0.029383896088326374,0.31327812789165027
39.55,0.021943757626102813,0.029374509746695372,0.31293434823772975
39.6,0.021912627147131776,0.029365107836646632,0.3125914319588497
39.65,0.02188144145043077,0.029355690347445642,0.3122493779050166
39.7,0.02185020053599978,0.029346257268411943,0.31190818492868866
39.75,0.02181890440383882,0.029336808588918843,0.3115678518847801
39.8,0.021787553053947882,0.029327344298393034,0.3112283776306658
39.85,0.021756146486326965,0.02931786438631426,0.31088976102618576
39.9,0.021724684700976077,0.02930836884221503,0.3105520009336491
39.95,0.021693167697895206,0.029298857655680237,0.31021509621783866
40.0,0.021661595477084364,0.029289330816346847,0.30987904574601555
40.05,0.021629968038543546,0.029279788313903578,0.30954384838792315
40.1,0.021598285382272746,0.02927023013809059,0.3092095030157913
40.15,0.021566547508271975,0.029260656278699133,0.3088760085043411
40.2,0.021534754416541225,0.02925106672557125,0.3085433637307889
40.25,0.021502906107080503,0.02924146146859947,0.3082115675748505
40.3,0.021471002579889802,0.029231840497726473,0.3078806189187454
40.35,0.021439043834969123,0.029222203802944793,0.3075505166472011
40.4,0.02140702987231847,0.02921255137429649,0.3072212596474578
40.45,0.02137496069193784,0.029202883201872892,0.3068928468092713
40.5,0.021342836293827234,0.029193199275814236,0.3065652770249187
40.55,0.021310656677986654,0.029183499586309395,0.30623854918920157
40.6,0.021278080302645077,0.029173784053014226,0.30591266307607456
40.65,0.021244849523735287,0.02916405179591022,0.30558762839687464
40.7,0.021211689373651203,0.02915430267031691,0.305263445737324
40.75,0.021178599852392833,0.029144536824988042,0.30494011204110993
40.8,0.021145580959960174,0.02913475440794815,0.3046176242628039
40.85,0.02111263269635322,0.02912495556649708,0.30429597936781133
40.9,0.021079755061571982,0.029115140447214357,0.303975174332323
40.95,0.02104694805561645,0.029105309195963613,0.3036552061432655
41.0,0.02101421167848663,0.029095461957896973,0.30333607179825234
41.05,0.02098154593018252,0.029085598877459335,0.3030177683055355
41.1,0.020948950810704116,0.029075720098392724,0.3027002926839568
41.15,0.020916426320051428,0.029065825763740543,0.3023836419629001
41.2,0.020883972458224445,0.029055916015851783,0.30206781318224296
41.25,0.020851589225223177,0.029045990996385277,0.30175280339230964
41.3,0.02081927662104762,0.029036050846313874,0.30143860965382274
41.35,0.02078703464569777,0.029026095705928533,0.30112522903785693
41.4,0.02075486329917363,0.029016125714842505,0.3008126586257916
41.45,0.020722762581475197,0.029006141011995393,0.30050089550926384
41.5,0.02069073249260248,0.028996141735657215,0.30018993679012257
41.55,0.02065877303255547,0.028986128023432405,0.299879779580382
41.6,0.02062688420133417,0.028976100012263868,0.29957042100217535
41.65,0.020595065998938584,0.028966057838436903,0.2992618581877096
41.7,0.0205633184253687,0.02895600163758316,0.29895408827921965
41.75,0.020531641480624533,0.028945931544684576,0.29864710842892284
41.8,0.02050003516470608,0.028935847694077213,0.29834091579897426
41.85,0.020468499477613325,0.028925750219455162,0.2980355075614214
41.9,0.02043703441934629,0.028915639253874366,0.29773088089815986
41.95,0.020405639989904956,0.028905514929756383,0.2974270330008888
42.0,0.02037431618928934,0.028895377378892223,0.2971239610710667
42.05,0.020343063017499434,0.02888522673244605,0.29682166231986734
42.1,0.020311880474535235,0.02887506312095892,0.2965201339681362
42.15,0.020280768560396747,0.028864886674352476,0.2962193732463468
42.2,0.020249727275083968,0.028854697521932635,0.29591937739455726
42.25,0.0202187566185969,0.028844495792393194,0.29562014366236744
42.3,0.020187856590935548,0.02883428161381948,0.2953216693088758
42.35,0.020157027192099896,0.02882405511369193,0.295023951602637
42.4,0.02012626842208996,0.02881381641888965,0.29472698782161905
42.45,0.02009558028090573,0.02880356565569397,0.2944307752531613
42.5,0.020064962768547214,0.028793302949791974,0.2941353111939323
42.55,0.02003441588501441,0.02878302842627993,0.2938405929498883
42.6,0.02000393963030731,0.028772742209666836,0.2935466178362307
42.65,0.019973534004425926,0.02876244442387782,0.29325338317736577
42.7,0.019943199007370245,0.028752135192257545,0.29296088630686284
42.75,0.019912934639140283,0.028741814637573634,0.29266912456741323
42.8,0.019882740899736025,0.028731482882020053,0.29237809531078934
42.85,0.01985261778915748,0.028721140047220393,0.2920877958978047
42.9,0.019822565307404644,0.02871078625423126,0.29179822369827296
42.95,0.019792583454477514,0.028700421623545545,0.2915093760909676
43.0,0.0197626722303761,0.028690046275095714,0.2912212504635826
43.05,0.019732831635100395,0.028679660328257053,0.29093384421269186
43.1,0.019703061668650396,0.02866926390185088,0.29064715474371017
43.15,0.019673362331026113,0.028658857114147812,0.2903611794708535
43.2,0.019643733622227537,0.02864844008287089,0.2900759158170999
43.25,0.019614175542254673,0.0286380129251988,0.2897913612141503
43.3,0.019584688091107517,0.028627575757768944,0.28950751310239015
43.35,0.01955527126878607,0.028617128696680642,0.28922436893085
43.4,0.019525925075290336,0.02860667185749818,0.2889419261571682
43.45,0.019496649510620308,0.028596205355253902,0.28866018224755113
43.5,0.019467444574775998,0.028585729304451267,0.2883791346767368
43.55,0.019438310267757393,0.028575243819067887,0.2880987809279557
43.6,0.019409246589564496,0.028564749012558552,0.28781911849289354
43.65,0.019380253540197314,0.0285542449978582,0.2875401448716541
43.7,0.019351331119655837,0.028543731887384894,0.28726185757272144
43.75,0.019322479327940074,0.028533209793042805,0.2869842541129231
43.8,0.01929369816505002,0.028522678826225136,0.2867073320173927
43.85,0.019264987630985674,0.028512139097816993,0.2864310888195338
43.9,0.019236347725747043,0.028501590718198324,0.28615552206098294
43.95,0.019207778449334117,0.028491033797246795,0.2858806292915732
44.0,0.019179279801746905,0.028480468444340615,0.2856064080692984
44.05,0.019150851782985402,0.028469894768361374,0.28533285596027647
44.1,0.019122494393049607,0.028459312877696884,0.28505997053871396
44.15,0.019094207631939523,0.02844872288024395,0.2847877493868706
44.2,0.019065991499655148,0.02843812488341117,0.2845161900950231
44.25,0.019037845996196488,0.028427518994121655,0.2842452902614304
44.3,0.019009771121563535,0.02841690531881581,0.2839750474922986
44.35,0.01898176687575629,0.02840628396345404,0.2837054594017452
44.4,0.01895383325877476,0.028395655033519443,0.28343652361176525
44.45,0.018925970270618934,0.0283850186340205,0.2831682377521962
44.5,0.018898177911288824,0.028374374869493752,0.2829005994606835
44.55,0.018870456180784423,0.02836372384400645,0.2826336063826463
44.6,0.01884280507910573,0.028353065661159145,0.28236725617124353
44.65,0.018815224606252748,0.028342400424088348,0.28210154648733976
44.7,0.018787714762225474,0.02833172823546913,0.28183647499947123
44.75,0.018760275547023912,0.02832104919751764,0.2815720393838129
44.8,0.01873290696064806,0.02831036341199374,0.2813082373241442
44.85,0.01870560900309792,0.028299670980203487,0.28104506651181616
44.9,0.01867838167437349,0.028288972003001702,0.2807825246457185
44.95,0.018651224974474766,0.028278266580794454,0.28052060943224616
45.0,0.018624138903401755,0.02826755481354158,0.28025931858526676
45.05,0.018597123461154455,0.028256836800759116,0.27999864982608835
45.1,0.018570178647732864,0.028246112641521805,0.27973860088342606
45.15,0.018543304463136984,0.028235382434465526,0.27947916949337065
45.2,0.01851650090736681,0.028224646277789697,0.2792203533993559
45.25,0.01848976798042235,0.028213904269259717,0.2789621503521269
45.3,0.0184631056823036,0.028203156506209352,0.27870455810970773
45.35,0.01843651401301056,0.0281924030855431,0.2784475744373704
45.4,0.01840999297254323,0.028181644103738586,0.278191197107603
45.45,0.018383542560901606,0.028170879656848873,0.2779354239000782
45.5,0.018357162778085696,0.028160109840504814,0.27768025260162266
45.55,0.0183308536240955,0.028149334749917383,0.2774256810061851
45.6,0.018304615098931006,0.02813855447987995,0.277171706914806
45.65,0.018278447202592227,0.028127769124770583,0.27691832813558703
45.7,0.018252349935079158,0.02811697877855431,0.27666554248365965
45.75,0.0182263232963918,0.0281061835347854,0.27641334778115545
45.8,0.01820036728653015,0.028095383486609574,0.2761617418571755
45.85,0.018174481905494207,0.028084578726766243,0.2759107225477603
45.9,0.01814866715328398,0.02807376934759074,0.27566028769585976
45.95,0.01812292302989946,0.02806295544101649,0.2754104351513033
46.0,0.018097249535340653,0.028052137098577214,0.2751611627707704
46.05,0.018071646669607554,0.028041314411409096,0.2749124684177607
46.1,0.018046114432700162,0.02803048747025292,0.27466434996256467
46.15,0.018020652824618486,0.028019656365456252,0.27441680528223467
46.2,0.017995261845362515,0.028008821186975515,0.2741698322605555
46.25,0.017969941494932258,0.027997982024378146,0.27392342878801573
46.3,0.01794469177332771,0.027987138966844686,0.2736775927617784
46.35,0.01791951268054887,0.027976292103170854,0.27343232208565266
46.4,0.017894404216595744,0.02796544152176963,0.27318761467006547
46.45,0.017869366381468323,0.02795458731067332,0.2729434684320326
46.5,0.017844399175166618,0.02794372955753559,0.27269988129513095
46.55,0.01781950259769062,0.027932868349633502,0.27245685118947005
46.6,0.01779467664904033,0.02792200377386955,0.27221437605166415
46.65,0.017769921329215753,0.027911135916773643,0.2719724538248046
46.7,0.017745236638216887,0.027900264864505128,0.2717310824584317
46.75,0.01772062257604373,0.02788939070285475,0.2714902599085077
46.8,0.017696079142696282,0.027878513517246607,0.27124998413738904
46.85,0.017671606338174543,0.02786763339274015,0.27101025311379895
46.9,0.01764720416247852,0.02785675041403211,0.27077106481280033
46.95,0.0176228726156082,0.027845864665458384,0.27053241721576926
47.0,0.017598611697563594,0.027834976230996036,0.27029430831036727
47.05,0.017574421408344698,0.02782408519426514,0.2700567360905151
47.1,0.01755030174795151,0.027813191638530688,0.26981969855636606
47.15,0.017526252716384035,0.027802295646704493,0.26958319371427936
47.2,0.017502274313642267,0.027791397301347047,0.26934721957679375
47.25,0.017478366539726214,0.02778049668466938,0.26911177416260135
47.3,0.01745452939463587,0.027769593878534893,0.26887685549652185
47.35,0.01743076287837123,0.02775868896446122,0.2686424616094758
47.4,0.017407066990932304,0.027747782023622033,0.2684085905384596
47.45,0.017383441732319087,0.027736873136848875,0.268175240326519
47.5,0.01735988710253158,0.02772596238463292,0.2679424090227244
47.55,0.017336403101569788,0.0277150498471268,0.26771009468214446
47.6,0.017312989729433702,0.02770413560414638,0.26747829536582124
47.65,0.017289646986123328,0.027693219735172508,0.2672470091407452
47.7,0.01726637487163866,0.027682302319352772,0.2670162340798296
47.75,0.017243173385979707,0.027671383435503266,0.266785968261886
47.8,0.017220042529146464,0.0276604631621103,0.26655620977159894
47.85,0.017196982301138926,0.027649541577332133,0.26632695669950185
47.9,0.017173992701957103,0.027638618759000696,0.2660982071419518
47.95,0.017151073731600987,0.02762769478462326,0.26586995920110557
48.0,0.017128225390070584,0.027616769731384175,0.26564221098489493
48.05,0.01710544767736589,0.027605843676146505,0.26541496060700265
48.1,0.017082740593486904,0.027594916695453726,0.26518820618683814
48.15,0.017060104138433632,0.027583988865531366,0.26496194584951405
48.2,0.017037538312206064,0.027573060262288684,0.26473617772582125
48.25,0.017015043114804212,0.02756213096132027,0.26451089995220656
48.3,0.01699261854622807,0.027551201037907702,0.264286110670748
48.35,0.016970264606477634,0.027540270567021154,0.26406180802913154
48.4,0.016947981295552913,0.027529339623321013,0.26383799018062803
48.45,0.016925768613453896,0.02751840828115945,0.2636146552840697
48.5,0.016903626560180594,0.027507476614582048,0.2633918015038269
48.55,0.016881555135733,0.027496544697329362,0.26316942700978513
48.6,0.01685955434011112,0.02748561260283847,0.2629475299773221
48.65,0.016837624173314945,0.027474680404244577,0.26272610858728507
48.7,0.016815764635344482,0.02746374817438251,0.2625051610259679
48.75,0.016793975726199728,0.02745281598578831,0.26228468548508854
48.8,0.01677225744588069,0.02744188391070073,0.2620646801617667
48.85,0.016750609794387354,0.027430952021062754,0.2618451432585012
48.9,0.01672903277171973,0.027420020388523137,0.2616260729831481
48.95,0.01670752637787782,0.02740908908443788,0.261407467548898
49.0,0.016686090612861616,0.027398158179871762,0.26118932517425447
49.05,0.016664725476671128,0.027387227745599752,0.26097164408301216
49.1,0.016643430969306344,0.02737629785210856,0.2607544225042345
49.15,0.016622207090767272,0.027365368569598075,0.2605376586722325
49.2,0.016601053841053908,0.027354439967982806,0.26032135082654284
49.25,0.01657997122016626,0.02734351211689336,0.2601054972119066
49.3,0.016558959228104318,0.027332585085677846,0.25989009607824787
49.35,0.016538017864868085,0.02732165894340335,0.25967514568065186
49.4,0.016517147130457564,0.027310733758857324,0.2594606442793449
49.45,0.01649634702487275,0.027299809600549004,0.2592465901396723
49.5,0.016475617548113653,0.02728888653671083,0.25903298153207793
49.55,0.016454958700180263,0.027277964635299835,0.2588198167320833
49.6,0.01643437048107258,0.02726704396399902,0.2586070940202666
49.65,0.01641385289079061,0.027256124590218755,0.2583948116822425
49.7,0.01639340592933435,0.027245206581098136,0.25818296800864105
49.75,0.016373029596703798,0.027234290003506363,0.2579715612950876
49.8,0.01635272389289896,0.027223374924044075,0.25776058984218236
49.85,0.016332488817919828,0.027212461409044705,0.25755005195548025
49.9,0.01631232437176641,0.02720154952457583,0.2573399459454708
49.95,0.016292230554438698,0.027190639336440482,0.2571302701275578
50.0,0.016272207365936698,0.027179730910178498,0.2569210228220397
50.05,0.01625225480626041,0.027168824311067794,0.2567122023540898
50.1,0.01623237287540983,0.02715791960412571,0.25650380705373615
50.15,0.01621256157338496,0.027147016854110296,0.2562958352558423
50.2,0.016192820900185798,0.027136116125521588,0.25608828530008787
50.25,0.01617315085581235,0.027125217482602923,0.2558811555309484
50.3,0.01615355144026461,0.02711432098934219,0.25567444429767694
50.35,0.016134022653542582,0.027103426709473095,0.2554681499542841
50.4,0.016114564495646265,0.02709253470647646,0.25526227085951914
50.45,0.016095176966575656,0.02708164504358141,0.2550568053768513
50.5,0.016075860066330758,0.027070757783766695,0.2548517518744503
50.55,0.016056613794911568,0.02705987298976187,0.25464710872516766
50.6,0.01603743815231809,0.027048990724048542,0.25444287430651813
50.65,0.01601833313855032,0.027038111048861623,0.2542390470006607
50.7,0.01599929875360826,0.0270272340261905,0.2540356251943805
50.75,0.015973869940397945,0.02701635847875735,0.2538326232401696
50.8,0.015938425186311857,0.027005472429999653,0.2536301946462872
50.85,0.015903155901305397,0.026994573023403176,0.2534283755100827
50.9,0.015868062085378574,0.02698366047069936,0.253227162411631
50.95,0.015833143738531383,0.0269727349827885,0.25302655194222456
51.0,0.01579840086076383,0.02696179676974383,0.2528265407043083
51.05,0.01576383345207591,0.026950846040815577,0.25262712531141535
51.1,0.01572944151246762,0.02693988300443498,0.25242830238810343
51.15,0.01569522504193897,0.026928907868218308,0.25223006856989183
51.2,0.01566118404048995,0.02691792083897082,0.25203242050319796
51.25,0.015627318508120564,0.026906922122690732,0.25183535484527575
51.3,0.015593628444830816,0.026895911924573156,0.2516388682641528
51.35,0.015560113850620698,0.02688489044901398,0.2514429574385696
51.4,0.015526774725490217,0.026873857899613805,0.2512476190579178
51.45,0.015493611069439367,0.02686281447918176,0.25105284982218007
51.5,0.015460622882468154,0.02685176038973938,0.25085864644186934
51.55,0.015427810164576576,0.026840695832524405,0.2506650056379694
51.6,0.015395172915764628,0.026829621007994582,0.25047192414187514
51.65,0.015362711136032318,0.026818536115831446,0.2502793986953338
51.7,0.015330424825379638,0.02680744135494407,0.2500874260503862
51.75,0.015298313983806596,0.02679633692347279,0.24989600296930886
51.8,0.01526637861131319,0.02678522301879293,0.24970512622455585
51.85,0.015234618707899411,0.02677409983751847,0.2495147925987018
51.9,0.015203034273565272,0.026762967575505746,0.24932499888438464
51.95,0.015171625308310763,0.02675182642785705,0.2491357418842494
52.0,0.015140391812135891,0.026740676588924303,0.24894701841089187
52.05,0.015109333785040655,0.026729518252312626,0.24875882528680293
52.1,0.015078451227025048,0.02671835161088393,0.24857115934431318
52.15,0.015047744138089078,0.026707176856760488,0.24838401742553823
52.2,0.01501721251823274,0.026695994181328474,0.24819739638232374
52.25,0.01498685636745604,0.02668480377524148,0.24801129307619166
52.3,0.014956675685758973,0.026673605828424027,0.24782570437828622
52.35,0.014926670473141536,0.026662400530075032,0.24764062716932086
52.4,0.014896840729603738,0.026651188068671287,0.24745605833952491
52.45,0.01486718645514557,0.02663996863197089,0.24727199478859116
52.5,0.01483770764976704,0.02662874240701666,0.2470884334256238
52.55,0.014808404313468145,0.026617509580139573,0.24690537116908626
52.6,0.014779276446248879,0.02660627033696209,0.24672280494674997
52.65,0.014750324048109251,0.026595024862401593,0.24654073169564325
52.7,0.014721547119049253,0.026583773340673654,0.2463591483620006
52.75,0.014692945659068894,0.026572515955295417,0.24617805190121236
52.8,0.01466451966816817,0.026561252889088886,0.2459974392777747
52.85,0.014636269146347074,0.0265499843241842,0.2458173074652401
52.9,0.014608194093605616,0.026538710442022922,0.2456376534461683
52.95,0.01458029450994379,0.026527431423361288,0.24545847421207692
53.0,0.0145525703953616,0.02651614744827343,0.24527976676339355
53.05,0.014525021749859045,0.02650485869615459,0.24510152810940725
53.1,0.014497648573436122,0.026493565345724335,0.2449237552682208
53.15,0.014470450866092834,0.02648226757502971,0.24474644526670353
53.2,0.014443428627829179,0.02647096556144842,0.2445695951404439
53.25,0.01441658185864516,0.02645965948169196,0.2443932019337032
53.3,0.014389910558540775,0.026448349511808727,0.24421726269936886
53.35,0.014363414727516021,0.02643703582718717,0.24404177449890832
53.4,0.014337094365570905,0.02642571860255883,0.2438667344023241
53.45,0.01431094947270542,0.026414398012001447,0.24369213948810756
53.5,0.014284980048919572,0.026403074228941992,0.24351798684319464
53.55,0.01425918609421336,0.026391747426159736,0.24334427356292082
53.6,0.014233567608586776,0.026380417775789224,0.243170996750977
53.65,0.01420812459203983,0.026369085449323336,0.2429981535193656
53.7,0.014182857044572514,0.026357750617616228,0.24282574098835677
53.75,0.014157764966184837,0.02634641345088631,0.2426537562864456
53.8,0.014132848356876795,0.02633507411871923,0.24248219655030848
53.85,0.014108107216648381,0.02632373279007078,0.24231105892476096
53.9,0.014083541545499607,0.026312389633269834,0.24214034056271552
53.95,0.014059151343430464,0.026301044816021243,0.24197003862513938
54.0,0.014034936610440956,0.026289698505408736,0.24180015028101312
54.05,0.014010897346531083,0.026278350867897773,0.24163067270728925
54.1,0.01398703355170084,0.02626700206933844,0.24146160308885117
54.15,0.013963345225950236,0.02625565227496823,0.24129293861847306
54.2,0.013939832369279263,0.026244301649414926,0.24112467649677885
54.25,0.013916494981687927,0.026232950356699394,0.24095681393220267
54.3,0.013893333063176225,0.026221598560238354,0.2407893481409491
54.35,0.013870346613744153,0.02621024642284718,0.2406222763469538
54.4,0.01384753563339172,0.026198894106742678,0.2404555957818444
54.45,0.013824900122118917,0.026187541773545788,0.24028930368490203
54.5,0.013802440079925751,0.02617618958428437,0.24012339730302265
54.55,0.01378015550681222,0.026164837699395888,0.239957873890679
54.6,0.013758046402778319,0.026153486278730112,0.2397927307098829
54.65,0.013736112767824056,0.02614213548155184,0.23962796503014777
54.7,0.013714354601949422,0.02613078546654353,0.23946357412845137
54.75,0.013692771905154428,0.02611943639180799,0.23929955528919905
54.8,0.013671364677439067,0.026108088414871007,0.23913590580418703
54.85,0.013650132918803338,0.02609674169268398,0.2389726229725663
54.9,0.013629076629247245,0.02608539638162653,0.23880970410080674
54.95,0.013608195808770783,0.02607405263750911,0.23864714650266114
55.0,0.013587490457373959,0.0260627106155756,0.23848494749913013
55.05,0.013566960575056767,0.02605137047050586,0.23832310441842708
55.1,0.013546606161819208,0.0260400323564183,0.23816161459594312
55.15,0.013526427217661285,0.026028696426872427,0.238000475374213
55.2,0.013506423742582995,0.026017362834871362,0.23783968410288076
55.25,0.013486595736584341,0.026006031732864386,0.23767923813866576
55.3,0.013466943199665321,0.02599470327274941,0.23751913484532924
55.35,0.013447466131825932,0.02598337760587549,0.23735937159364087
55.4,0.01342816453306618,0.0259720548830453,0.2371999457613459
55.45,0.01340903840338606,0.025960735254517572,0.23704085473313233
55.5,0.013390087742785576,0.025949418870009597,0.2368820959005984
55.55,0.013371312551264726,0.025938105878699602,0.23672366666222058
55.6,0.013352712828823509,0.02592679642922921,0.2365655644233216
55.65,0.013334288575461928,0.02591549066970584,0.23640778659603903
55.7,0.013316039791179977,0.025904188747705115,0.23625033059929357
55.75,0.013297966475977665,0.025892890810273232,0.23609319385875843
55.8,0.013280068629854987,0.02588159700392934,0.23593637380682836
55.85,0.01326234625281194,0.025870307474667904,0.2357798678825892
55.9,0.013244799344848528,0.025859022367961053,0.23562367353178768
55.95,0.01322742790596475,0.025847741828760897,0.23546778820680142
56.0,0.013210231936160607,0.02583646600150186,0.23531220936660965
56.05,0.013193211435436098,0.025825195030102995,0.2351569344767632
56.1,0.013176366403791221,0.025813929057970274,0.23500196100935572
56.15,0.013159696841225981,0.025802668227998874,0.23484728644299496
56.2,0.013143202747740373,0.025791412682575437,0.23469290826277403
56.25,0.013126884123334402,0.025780162563580362,0.23453882396024295
56.3,0.013110740968008064,0.025768918012390014,0.23438503103338085
56.35,0.013094773281761358,0.025757679169878988,0.2342315269865681
56.4,0.013078981064594288,0.02574644617642232,0.2340783093305587
56.45,0.01306336431650685,0.025735219171897694,0.23392537558245333
56.5,0.013047923037499048,0.02572399829568768,0.2337727232656717
56.55,0.013032657227570882,0.025712783686681867,0.23362034990992664
56.6,0.013017566886722346,0.025701575483279074,0.23346825305119698
56.65,0.013002652014953446,0.025690373823389522,0.23331643023170168
56.7,0.01298791261226418,0.02567917884443696,0.23316487899987368
56.75,0.012973348678654548,0.025667990683360835,0.23301359691033435
56.8,0.012958960214124552,0.025656809476618414,0.23286258152386782
56.85,0.012944747218674188,0.025645635360186887,0.2327118304073961
56.9,0.01293070969230346,0.02563446846956552,0.2325613411339538
56.95,0.012916847635012363,0.02562330893977769,0.23241111128266365
57.0,0.012903161046800901,0.025612156905373048,0.23226113843871188
57.05,0.012889649927669077,0.025601012500429524,0.23211142019332426
57.1,0.012876314277616882,0.025589875858555433,0.2319619541437419
57.15,0.012863154096644324,0.025578747112891525,0.23181273789319767
57.2,0.012850169384751399,0.025567626396113017,0.23166376905089275
57.25,0.012837360141938108,0.025556513840431623,0.23151504523197355
57.3,0.012824726368204453,0.02554540957759761,0.23136656405750833
57.35,0.012812268063550429,0.025534313738901755,0.23121832315446483
57.4,0.012799985227976042,0.025523226455177395,0.23107032015568785
57.45,0.012787877861481287,0.0255121478568024,0.23092255269987655
57.5,0.012775945964066168,0.025501078073701135,0.230775018431563
57.55,0.012764189535730682,0.025490017235346468,0.23062771500109003
57.6,0.01275260857647483,0.025478965470761686,0.23048064006458982
57.65,0.012741203086298614,0.025467922908522487,0.23033379128396275
57.7,0.012729973065202028,0.02545688967675888,0.2301871663268561
57.75,0.01271891851318508,0.025445865903157165,0.2300407628666433
57.8,0.012708039430247765,0.025434851714961782,0.2298945785824035
57.85,0.012697335816390083,0.02542384723897728,0.22974861115890108
57.9,0.012686807671612036,0.0254128526015702,0.2296028582865655
57.95,0.012676454995913623,0.02540186792867095,0.22945731766147145
58.0,0.012666277789294845,0.0253908933457757,0.22931198698531935
58.05,0.0126562760517557,0.02537992897794825,0.22916686396541558
58.1,0.012646449783296189,0.02536897494982187,0.2290219463146536
58.15,0.012636798983916314,0.025358031385601203,0.22887723175149471
58.2,0.01262732365361607,0.025347098409064035,0.22873271799994963
58.25,0.012618023792395463,0.025336176143563198,0.22858840278955944
58.3,0.012608899400254489,0.025325264712028322,0.22844428385537802
58.35,0.012599950477193148,0.02531436423696772,0.2283003589379531
58.4,0.012591177023211443,0.025303474840470127,0.22815662578330934
58.45,0.01258257903830937,0.025292596644206536,0.22801308214292998
58.5,0.012574156522486933,0.02528172976943198,0.2278697257737396
58.55,0.01256590947574413,0.025270874336987284,0.2277265544380871
58.6,0.012557837898080959,0.02526003046730085,0.22758356590372864
58.65,0.012549941789497426,0.02524919828039042,0.22744075794381077
58.7,0.012542221149993524,0.02523837789586481,0.22729812833685406
58.75,0.012534675979569258,0.025227569432925655,0.22715567486673674
58.8,0.012527306278224624,0.02521677301036915,0.22701339532267845
58.85,0.012520112045959625,0.025205988746587756,0.2268712874992245
58.9,0.01251309328277426,0.02519521675957193,0.22672934919623017
58.95,0.01250624998866853,0.025184457166911815,0.22658757821884512
59.0,0.012499582163642433,0.02517371008579895,0.2264459723774983
59.05,0.012493089807695971,0.025162975633027947,0.22630452948788288
59.1,0.012486772920829142,0.025152253924998178,0.22616324737094115
59.15,0.012480631503041949,0.025141545077715433,0.22602212385285042
59.2,0.012474665554334389,0.0251308492067936,0.22588115676500806
59.25,0.012468875074706462,0.025120166427456306,0.22574034394401754
59.3,0.012463260064158172,0.02510949685453856,0.22559968323167462
59.35,0.012457820522689513,0.0250988406024884,0.2254591724749531
59.4,0.01245255645030049,0.02508819778536852,0.22531880952599156
59.45,0.0124474678469911,0.025077568516857884,0.22517859224207987
59.5,0.012442554712761345,0.02506695291025334,0.22503851848564618
59.55,0.012437817047611224,0.025056351078471234,0.22489858612424357
59.6,0.012433254851540737,0.02504576313404899,0.2247587930305375
59.65,0.012428868124549883,0.0250351891891467,0.2246191370822934
59.7,0.012424656866638665,0.02502462935554873,0.22447961616236384
59.75,0.012420621077807082,0.02501408374466526,0.22434022815867682
59.8,0.01241676075805513,0.025003552467533857,0.2242009709642235
59.85,0.012413075907382814,0.024993035634821043,0.22406184247704644
59.9,0.01240956652579013,0.024982533356823832,0.22392284060022827
59.95,0.012406232613277083,0.024972045743471276,0.22378396324187982
60.0,0.012403074169843669,0.024961572904326,0.22364520831512943
